Folds,Train Error,Test Error
1,44.05576450554559,67.61435945200296
2,44.02547397206873,66.65041593833587
3,43.1266838704015,66.54059790581236
4,33.791237497604726,139.08769265562677
5,32.82711219575414,148.45424180760332
